Model,Accuracy,Precision,Recall,F1-Score
Logistic Regression,0.7105263157894737,0.7589902357704216,0.7105263157894737,0.6773684210526316
Decision Tree,0.6842105263157895,0.8254847645429363,0.6842105263157895,0.6672664567401408
Random Forest,0.7368421052631579,0.8114035087719298,0.7368421052631579,0.7318697814053852
SVM (RBF Kernel),0.8157894736842105,0.8854829381145171,0.8157894736842105,0.8050186071238704
KNN,0.7368421052631579,0.8087719298245615,0.7368421052631579,0.739601561448378
