Model,Accuracy,Precision,Recall,F1-Score
Logistic Regression,0.7105263157894737,0.7589902357704216,0.7105263157894737,0.6773684210526316
Decision Tree,0.7368421052631579,0.8245614035087719,0.7368421052631579,0.7268170426065164
Random Forest,0.7368421052631579,0.8830409356725146,0.7368421052631579,0.7269230769230769
SVM (RBF Kernel),0.8157894736842105,0.8854829381145171,0.8157894736842105,0.8050186071238704
KNN,0.7368421052631579,0.8087719298245615,0.7368421052631579,0.739601561448378
